count,actor,action,repo
5,138050856,pull_request_review.submit,hyperledger/besu
1,achraf17,pull_request.create,hyperledger/besu-docs
2,achraf17,pull_request.create_review_request,hyperledger/besu-docs
1,adean-consensys,issue_comment.update,hyperledger/besu
1,Afshin4030,pull_request_review.submit,hyperledger/besu
2,ahamlat,issue_comment.update,hyperledger/besu
3,ahamlat,pull_request_review.submit,hyperledger/besu
6,ahamlat,pull_request.close,hyperledger/besu
9,ahamlat,pull_request.create,hyperledger/besu
9,ajsutton,pull_request_review.submit,hyperledger/besu
5,ajsutton,pull_request.create,hyperledger/besu
4,ajsutton,pull_request.merge,hyperledger/besu
1,ajsutton,pull_request_review.submit,hyperledger/homebrew-besu
1,albert0-hernandez,pull_request.create,hyperledger/besu
2,alexandratran,pull_request_review_comment.delete,hyperledger/besu-docs
1,alexandratran,pull_request_review.delete,hyperledger/besu-docs
32,alexandratran,pull_request_review.submit,hyperledger/besu-docs
7,alexandratran,pull_request.converted_to_draft,hyperledger/besu-docs
37,alexandratran,pull_request.create,hyperledger/besu-docs
118,alexandratran,pull_request.create_review_request,hyperledger/besu-docs
38,alexandratran,pull_request.merge,hyperledger/besu-docs
6,alexandratran,pull_request.ready_for_review,hyperledger/besu-docs
1,alexandratran,pull_request.remove_review_request,hyperledger/besu-docs
1,alexandratran,repository_vulnerability_alert.create,hyperledger/besu-docs
4,alexandratran,repository_vulnerability_alert.resolve,hyperledger/besu-docs
7,alexandratran,required_status_check.create,hyperledger/besu-docs
1,alexandratran,team.update_repository_permission,hyperledger/besu-docs
1,anjjunsu,pull_request.create,hyperledger/besu
8,antonydenyer,pull_request_review.submit,hyperledger/besu
1,antonydenyer,pull_request.close,hyperledger/besu
2,antonydenyer,pull_request.converted_to_draft,hyperledger/besu
5,antonydenyer,pull_request.create,hyperledger/besu
4,antonydenyer,pull_request.create_review_request,hyperledger/besu
4,antonydenyer,pull_request.merge,hyperledger/besu
5,antonydenyer,pull_request.ready_for_review,hyperledger/besu
7,atoulme,pull_request_review.submit,hyperledger/besu
2,atoulme,pull_request.close,hyperledger/besu
4,atoulme,pull_request.create,hyperledger/besu
1,atoulme,pull_request.create_review_request,hyperledger/besu
4,atoulme,pull_request.merge,hyperledger/besu
1,atoulme,pull_request.ready_for_review,hyperledger/besu
6,atoulme,pull_request_review.submit,hyperledger/besu-native
1,atoulme,pull_request.create,hyperledger/besu-native
1,atoulme,pull_request.merge,hyperledger/besu-native
1,beaconalerts,issue_comment.destroy,hyperledger/besu
1,bgravenorst,pull_request.create,hyperledger/besu
1,bgravenorst,pull_request.create_review_request,hyperledger/besu
1,bgravenorst,pull_request.merge,hyperledger/besu
1,bgravenorst,issue_comment.update,hyperledger/besu-docs
1,bgravenorst,pull_request_review_comment.delete,hyperledger/besu-docs
13,bgravenorst,pull_request_review.submit,hyperledger/besu-docs
1,bgravenorst,pull_request.create,hyperledger/besu-docs
3,bgravenorst,pull_request.create_review_request,hyperledger/besu-docs
6,bgravenorst,pull_request.merge,hyperledger/besu-docs
4,bhaskarvilles,pull_request.close,hyperledger/besu
4,bhaskarvilles,pull_request.create,hyperledger/besu
3,bug0-hunter,pull_request.close,hyperledger/besu
3,bug0-hunter,pull_request.create,hyperledger/besu
1,bwtimmermans,issue_comment.destroy,hyperledger/besu
2,callree,pull_request_review.submit,hyperledger/besu
1,cesarsotovalero,issue_comment.update,hyperledger/besu
2,CherryDT,issue_comment.update,hyperledger/besu
3,Cryptizer69,issue_comment.update,hyperledger/besu
2,daniellehrner,issue_comment.update,hyperledger/besu
2,daniellehrner,pull_request_review_comment.delete,hyperledger/besu
1,daniellehrner,pull_request_review.delete,hyperledger/besu
23,daniellehrner,pull_request_review.submit,hyperledger/besu
4,daniellehrner,pull_request.close,hyperledger/besu
4,daniellehrner,pull_request.converted_to_draft,hyperledger/besu
22,daniellehrner,pull_request.create,hyperledger/besu
18,daniellehrner,pull_request.create_review_request,hyperledger/besu
14,daniellehrner,pull_request.merge,hyperledger/besu
10,daniellehrner,pull_request.ready_for_review,hyperledger/besu
1,daniellehrner,protected_branch.rejected_ref_update,hyperledger/besu-native
1,daniellehrner,pull_request.create,hyperledger/besu-native
1,daniellehrner,pull_request.merge,hyperledger/besu-native
11,diega,issue_comment.destroy,hyperledger/besu
4,diega,issue_comment.update,hyperledger/besu
1,diega,pull_request_review_comment.delete,hyperledger/besu
1,diega,pull_request_review.delete,hyperledger/besu
23,diega,pull_request_review.submit,hyperledger/besu
1,diega,pull_request.converted_to_draft,hyperledger/besu
16,diega,pull_request.create,hyperledger/besu
3,diega,pull_request.create_review_request,hyperledger/besu
2,diega,pull_request.merge,hyperledger/besu
5,diega,pull_request.ready_for_review,hyperledger/besu
2,drinkcoffee,issue_comment.update,hyperledger/besu
1,earizon,pull_request_review.submit,hyperledger/besu
1,emclab,issue_comment.update,hyperledger/besu
2,Ezzahhh,pull_request.create,hyperledger/besu-docs
2,Ezzahhh,pull_request.create_review_request,hyperledger/besu-docs
1,Ezzahhh,pull_request.ready_for_review,hyperledger/besu-docs
1,fab-10,commit_comment.update,hyperledger/besu
4,fab-10,pull_request_review_comment.delete,hyperledger/besu
57,fab-10,pull_request_review.submit,hyperledger/besu
7,fab-10,pull_request.close,hyperledger/besu
52,fab-10,pull_request.create,hyperledger/besu
14,fab-10,pull_request.create_review_request,hyperledger/besu
2,fab-10,pull_request.indirect_merge,hyperledger/besu
35,fab-10,pull_request.merge,hyperledger/besu
31,fab-10,pull_request.ready_for_review,hyperledger/besu
1,fab-10,pull_request_review.submit,hyperledger/besu-docs
1,fahadh4ilyas,issue_comment.update,hyperledger/besu
1,fornax2,issue_comment.update,hyperledger/besu
2,frankisawesome,issue_comment.update,hyperledger/besu
4,frankisawesome,pull_request_review_comment.delete,hyperledger/besu
1,frankisawesome,pull_request_review.delete,hyperledger/besu
14,frankisawesome,pull_request_review.submit,hyperledger/besu
5,frankisawesome,pull_request.close,hyperledger/besu
3,frankisawesome,pull_request.converted_to_draft,hyperledger/besu
23,frankisawesome,pull_request.create,hyperledger/besu
6,frankisawesome,pull_request.create_review_request,hyperledger/besu
18,frankisawesome,pull_request.merge,hyperledger/besu
4,frankisawesome,pull_request.ready_for_review,hyperledger/besu
1,frankisawesome,pull_request.create,hyperledger/besu-docs
1,frankisawesome,pull_request.create_review_request,hyperledger/besu-docs
1,frankisawesome,pull_request.merge,hyperledger/besu-docs
1,frankisawesome,pull_request_review.submit,hyperledger/homebrew-besu
1,frankisawesome,pull_request.create,hyperledger/homebrew-besu
1,frankisawesome,pull_request.merge,hyperledger/homebrew-besu
1,fredriksvantes,issue_comment.destroy,hyperledger/besu
2,fredriksvantes,pull_request.close,hyperledger/besu
1,fredriksvantes,pull_request.create,hyperledger/besu
1,fredriksvantes,pull_request.reopen,hyperledger/besu
1,freemanzMrojo,pull_request.create,hyperledger/besu-native
1,freemanzMrojo,pull_request.create_review_request,hyperledger/besu-native
1,garyschulte,issue_comment.destroy,hyperledger/besu
18,garyschulte,issue_comment.update,hyperledger/besu
1,garyschulte,protected_branch.policy_override,hyperledger/besu
4,garyschulte,protected_branch.update_admin_enforced,hyperledger/besu
2,garyschulte,protected_branch.update_allow_force_pushes_enforcement_level,hyperledger/besu
4,garyschulte,protected_branch.update_pull_request_reviews_enforcement_level,hyperledger/besu
4,garyschulte,protected_branch.update_required_status_checks_enforcement_level,hyperledger/besu
13,garyschulte,pull_request_review_comment.delete,hyperledger/besu
2,garyschulte,pull_request_review.delete,hyperledger/besu
1,garyschulte,pull_request_review.dismiss,hyperledger/besu
54,garyschulte,pull_request_review.submit,hyperledger/besu
3,garyschulte,pull_request.close,hyperledger/besu
1,garyschulte,pull_request.converted_to_draft,hyperledger/besu
65,garyschulte,pull_request.create,hyperledger/besu
16,garyschulte,pull_request.create_review_request,hyperledger/besu
75,garyschulte,pull_request.merge,hyperledger/besu
13,garyschulte,pull_request.ready_for_review,hyperledger/besu
1,garyschulte,pull_request.reopen,hyperledger/besu
8,garyschulte,issue_comment.update,hyperledger/besu-docs
8,garyschulte,pull_request_review.submit,hyperledger/besu-docs
2,garyschulte,pull_request_review.submit,hyperledger/besu-native
3,garyschulte,pull_request.create,hyperledger/besu-native
2,garyschulte,pull_request.merge,hyperledger/besu-native
1,garyschulte,pull_request.ready_for_review,hyperledger/besu-native
1,garyschulte,pull_request_review.submit,hyperledger/homebrew-besu
1,garyschulte,pull_request.create,hyperledger/homebrew-besu
2,garyschulte,pull_request.merge,hyperledger/homebrew-besu
1,gballet,pull_request_review.submit,hyperledger/besu-native
2,georgep9,pull_request.close,hyperledger/besu
3,georgep9,pull_request.create,hyperledger/besu
2,georgep9,pull_request.ready_for_review,hyperledger/besu
1,georgep9,pull_request.reopen,hyperledger/besu
13,gezero,issue_comment.update,hyperledger/besu
2,gezero,pull_request_review_comment.delete,hyperledger/besu
1,gezero,pull_request_review.delete,hyperledger/besu
15,gezero,pull_request_review.submit,hyperledger/besu
1,gezero,pull_request.converted_to_draft,hyperledger/besu
13,gezero,pull_request.create,hyperledger/besu
4,gezero,pull_request.create_review_request,hyperledger/besu
8,gezero,pull_request.merge,hyperledger/besu
2,gezero,pull_request.ready_for_review,hyperledger/besu
1,gfukushima,pull_request.create,hyperledger/besu
2,gomezgoiri,pull_request.close,hyperledger/besu-docs
3,gomezgoiri,pull_request.create,hyperledger/besu-docs
3,gomezgoiri,pull_request.create_review_request,hyperledger/besu-docs
2,gooooer,issue_comment.update,hyperledger/besu
1,GowthamParamasivam,issue_comment.destroy,hyperledger/besu
2,GowthamParamasivam,issue_comment.update,hyperledger/besu
1,helderjnpinto,issue_comment.update,hyperledger/besu
1,hlloreda,issue_comment.update,hyperledger/besu
1,holiman,issue_comment.update,hyperledger/besu
1,iamhsk,issue_comment.update,hyperledger/besu
1,jasonyic,pull_request.close,hyperledger/besu
2,jasonyic,pull_request.create,hyperledger/besu
1,jasonyic,pull_request.create_review_request,hyperledger/besu
1,jclapis,issue_comment.update,hyperledger/besu
1,jclapis,pull_request.create,hyperledger/besu
1,jflo,issue_comment.destroy,hyperledger/besu
3,jflo,issue_comment.update,hyperledger/besu
7,jflo,protected_branch.rejected_ref_update,hyperledger/besu
3,jflo,pull_request_review_comment.delete,hyperledger/besu
38,jflo,pull_request_review.submit,hyperledger/besu
9,jflo,pull_request.close,hyperledger/besu
1,jflo,pull_request.converted_to_draft,hyperledger/besu
41,jflo,pull_request.create,hyperledger/besu
22,jflo,pull_request.create_review_request,hyperledger/besu
29,jflo,pull_request.merge,hyperledger/besu
6,jflo,pull_request.ready_for_review,hyperledger/besu
5,jflo,pull_request_review.submit,hyperledger/besu-docs
1,jflo,pull_request.create,hyperledger/besu-docs
1,jflo,pull_request.create_review_request,hyperledger/besu-docs
2,jflo,pull_request_review.submit,hyperledger/besu-native
1,jflo,protected_branch.rejected_ref_update,hyperledger/homebrew-besu
2,jflo,pull_request.create,hyperledger/homebrew-besu
2,jflo,pull_request.create_review_request,hyperledger/homebrew-besu
2,jframe,issue_comment.update,hyperledger/besu
11,jframe,pull_request_review.submit,hyperledger/besu
2,jframe,pull_request.close,hyperledger/besu
7,jframe,pull_request.create,hyperledger/besu
4,jframe,pull_request.create_review_request,hyperledger/besu
10,jframe,pull_request.merge,hyperledger/besu
1,jframe,pull_request.create,hyperledger/homebrew-besu
1,jframe,pull_request.create_review_request,hyperledger/homebrew-besu
1,jframe,pull_request.merge,hyperledger/homebrew-besu
1,jmcpheron,pull_request.create,hyperledger/besu
2,jmcruz1983,issue_comment.update,hyperledger/besu
1,joshuafernandes,environment.create_actions_secret,hyperledger/besu
2,joshuafernandes,issue_comment.update,hyperledger/besu
1,joshuafernandes,pull_request_review.submit,hyperledger/besu
3,joshuafernandes,pull_request.create,hyperledger/besu
4,joshuafernandes,pull_request.create_review_request,hyperledger/besu
2,joshuafernandes,pull_request.merge,hyperledger/besu
2,joshuafernandes,repo.create_actions_secret,hyperledger/besu
1,joshuafernandes,repo.remove_actions_secret,hyperledger/besu
2,joshuafernandes,issue_comment.update,hyperledger/besu-docs
4,joshuafernandes,pull_request_review.submit,hyperledger/besu-docs
4,joshuafernandes,pull_request.create,hyperledger/besu-docs
8,joshuafernandes,pull_request.create_review_request,hyperledger/besu-docs
2,joshuafernandes,pull_request.merge,hyperledger/besu-docs
1,jpnovais,issue_comment.update,hyperledger/besu
2,jpnovais,pull_request.create,hyperledger/besu
2,jrusselg,issue_comment.update,hyperledger/besu
4,kirillp,issue_comment.update,hyperledger/besu
1,lucassaldanha,issue_comment.update,hyperledger/besu
6,lucassaldanha,protected_branch.update_name,hyperledger/besu
4,lucassaldanha,pull_request_review.submit,hyperledger/besu
3,lucassaldanha,pull_request.close,hyperledger/besu
16,lucassaldanha,pull_request.create,hyperledger/besu
6,lucassaldanha,pull_request.create_review_request,hyperledger/besu
15,lucassaldanha,pull_request.merge,hyperledger/besu
2,lucassaldanha,pull_request.ready_for_review,hyperledger/besu
2,lucassaldanha,pull_request.create,hyperledger/besu-docs
2,lucassaldanha,pull_request.create_review_request,hyperledger/besu-docs
1,lucassaldanha,pull_request.merge,hyperledger/besu-docs
1,lucassaldanha,pull_request.close,hyperledger/besu-native
2,lucassaldanha,pull_request.create,hyperledger/besu-native
2,lucassaldanha,pull_request.merge,hyperledger/besu-native
1,lucassaldanha,pull_request.create,hyperledger/homebrew-besu
1,lucassaldanha,pull_request.create_review_request,hyperledger/homebrew-besu
1,lucassaldanha,pull_request.merge,hyperledger/homebrew-besu
1,macfarla,discussion_comment.update,hyperledger/besu
7,macfarla,issue_comment.destroy,hyperledger/besu
16,macfarla,issue_comment.update,hyperledger/besu
1,macfarla,protected_branch.rejected_ref_update,hyperledger/besu
4,macfarla,protected_branch.update_name,hyperledger/besu
1,macfarla,pull_request_review_comment.delete,hyperledger/besu
2,macfarla,pull_request_review.dismiss,hyperledger/besu
110,macfarla,pull_request_review.submit,hyperledger/besu
34,macfarla,pull_request.close,hyperledger/besu
18,macfarla,pull_request.converted_to_draft,hyperledger/besu
127,macfarla,pull_request.create,hyperledger/besu
25,macfarla,pull_request.create_review_request,hyperledger/besu
168,macfarla,pull_request.merge,hyperledger/besu
10,macfarla,pull_request.ready_for_review,hyperledger/besu
1,macfarla,pull_request.remove_review_request,hyperledger/besu
2,macfarla,pull_request.reopen,hyperledger/besu
1,macfarla,repo.update_actions_secret,hyperledger/besu
1,macfarla,issue_comment.update,hyperledger/besu-docs
1,macfarla,pull_request_review_comment.delete,hyperledger/besu-docs
22,macfarla,pull_request_review.submit,hyperledger/besu-docs
6,macfarla,pull_request.create,hyperledger/besu-docs
7,macfarla,pull_request.create_review_request,hyperledger/besu-docs
8,macfarla,pull_request.merge,hyperledger/besu-docs
4,macfarla,pull_request_review.submit,hyperledger/besu-native
1,macfarla,pull_request.merge,hyperledger/besu-native
2,macfarla,pull_request_review.submit,hyperledger/homebrew-besu
5,macfarla,pull_request.create,hyperledger/homebrew-besu
7,macfarla,pull_request.merge,hyperledger/homebrew-besu
1,mark-terry,issue_comment.destroy,hyperledger/besu
3,mark-terry,pull_request_review.submit,hyperledger/besu
6,mark-terry,pull_request.create,hyperledger/besu
2,mark-terry,pull_request.merge,hyperledger/besu
8,matkt,issue_comment.destroy,hyperledger/besu
1,matkt,issue_comment.update,hyperledger/besu
2,matkt,protected_branch.rejected_ref_update,hyperledger/besu
2,matkt,protected_branch.update_name,hyperledger/besu
2,matkt,protected_branch.update_pull_request_reviews_enforcement_level,hyperledger/besu
2,matkt,protected_branch.update_required_status_checks_enforcement_level,hyperledger/besu
4,matkt,pull_request_review_comment.delete,hyperledger/besu
2,matkt,pull_request_review.delete,hyperledger/besu
53,matkt,pull_request_review.submit,hyperledger/besu
8,matkt,pull_request.close,hyperledger/besu
36,matkt,pull_request.create,hyperledger/besu
13,matkt,pull_request.create_review_request,hyperledger/besu
24,matkt,pull_request.merge,hyperledger/besu
10,matkt,pull_request.ready_for_review,hyperledger/besu
3,matkt,repo.rename_branch,hyperledger/besu
7,matkt,required_status_check.create,hyperledger/besu
7,matkt,required_status_check.destroy,hyperledger/besu
9,matkt,pull_request_review.submit,hyperledger/besu-docs
1,matkt,pull_request.close,hyperledger/besu-native
1,matkt,pull_request.create,hyperledger/besu-native
1,matkt,pull_request.reopen,hyperledger/besu-native
2,matt-nelson-csi,issue_comment.update,hyperledger/besu
1,matt-nelson-csi,pull_request.close,hyperledger/besu
1,mbaxter,issue_comment.update,hyperledger/besu
1,mbaxter,pull_request.close,hyperledger/besu
4,mbaxter,pull_request.create,hyperledger/besu
3,mbaxter,pull_request.create_review_request,hyperledger/besu
3,mbaxter,pull_request.merge,hyperledger/besu
3,mbaxter,pull_request.ready_for_review,hyperledger/besu
2,mcdee,pull_request.create,hyperledger/besu
1,mfolnovic,pull_request.create,hyperledger/besu
1,mohitsaxenaknoldus,issue_comment.update,hyperledger/besu
1,mohitsaxenaknoldus,pull_request.create,hyperledger/besu
2,mohitsaxenaknoldus,pull_request.create_review_request,hyperledger/besu
1,MrMarioMichel,issue_comment.update,hyperledger/besu
2,NicolasMassart,pull_request_review.submit,hyperledger/besu
1,NicolasMassart,issue_comment.update,hyperledger/besu-docs
13,NicolasMassart,pull_request_review.submit,hyperledger/besu-docs
1,NicolasMassart,pull_request.converted_to_draft,hyperledger/besu-docs
9,NicolasMassart,pull_request.create,hyperledger/besu-docs
11,NicolasMassart,pull_request.create_review_request,hyperledger/besu-docs
10,NicolasMassart,pull_request.merge,hyperledger/besu-docs
1,NicolasMassart,pull_request.ready_for_review,hyperledger/besu-docs
7,NicolasMassart,repository_vulnerability_alert.dismiss,hyperledger/besu-docs
2,PavelZavadskiy,issue_comment.update,hyperledger/besu
1,pietjepuk2,pull_request.create,hyperledger/besu
4,pinges,pull_request_review_comment.delete,hyperledger/besu
1,pinges,pull_request_review.delete,hyperledger/besu
17,pinges,pull_request_review.submit,hyperledger/besu
1,pinges,pull_request.close,hyperledger/besu
12,pinges,pull_request.create,hyperledger/besu
5,pinges,pull_request.create_review_request,hyperledger/besu
8,pinges,pull_request.merge,hyperledger/besu
1,pinges,pull_request.ready_for_review,hyperledger/besu
1,pinges,protected_branch.rejected_ref_update,hyperledger/homebrew-besu
1,pinges,pull_request.create,hyperledger/homebrew-besu
1,pinges,pull_request.create_review_request,hyperledger/homebrew-besu
1,pinges,pull_request.merge,hyperledger/homebrew-besu
2,poupas,issue_comment.update,hyperledger/besu
1,poupas,issue_comment.update,hyperledger/besu-docs
1,PriyatamNayak,issue_comment.destroy,hyperledger/besu
1,PriyatamNayak,issue_comment.update,hyperledger/besu
1,q9f,pull_request.create,hyperledger/besu
1,RatanRSur,pull_request_review.submit,hyperledger/besu
1,RatanRSur,pull_request.create,hyperledger/besu
1,rinor,issue_comment.update,hyperledger/besu
56,rolandtyler,pull_request_review.submit,hyperledger/besu-docs
2,rolandtyler,pull_request.close,hyperledger/besu-docs
38,rolandtyler,pull_request.create,hyperledger/besu-docs
80,rolandtyler,pull_request.create_review_request,hyperledger/besu-docs
37,rolandtyler,pull_request.merge,hyperledger/besu-docs
6,rolandtyler,repository_vulnerability_alert.create,hyperledger/besu-docs
2,rolandtyler,repository_vulnerability_alert.resolve,hyperledger/besu-docs
1,rolfyone,pull_request_review.submit,hyperledger/besu
12,RP27,issue_comment.update,hyperledger/besu
1,RP27,pull_request.close,hyperledger/besu
1,RP27,pull_request.converted_to_draft,hyperledger/besu
5,RP27,pull_request.create,hyperledger/besu
1,RP27,pull_request.ready_for_review,hyperledger/besu
1,ryanjjones10,issue_comment.destroy,hyperledger/besu
1,ryjones,hook.create,hyperledger/besu
1,ryjones,issue_comment.destroy,hyperledger/besu
1,ryjones,issue_comment.update,hyperledger/besu
1,ryjones,pull_request.create,hyperledger/besu
1,ryjones,repo.remove_member,hyperledger/besu
2,ryjones,repository_vulnerability_alerts.authorized_users_teams,hyperledger/besu
2,ryjones,team.add_repository,hyperledger/besu
4,ryjones,team.update_repository_permission,hyperledger/besu
1,ryjones,hook.create,hyperledger/besu-docs
3,ryjones,repository_vulnerability_alert.create,hyperledger/besu-docs
2,ryjones,repository_vulnerability_alerts.authorized_users_teams,hyperledger/besu-docs
1,ryjones,required_status_check.create,hyperledger/besu-docs
2,ryjones,team.add_repository,hyperledger/besu-docs
3,ryjones,team.update_repository_permission,hyperledger/besu-docs
2,ryjones,repository_vulnerability_alerts.authorized_users_teams,hyperledger/besu-errorprone-checks
6,ryjones,team.add_repository,hyperledger/besu-errorprone-checks
4,ryjones,team.update_repository_permission,hyperledger/besu-errorprone-checks
2,ryjones,repo.remove_member,hyperledger/besu-native
2,ryjones,repository_vulnerability_alerts.authorized_users_teams,hyperledger/besu-native
3,ryjones,team.add_repository,hyperledger/besu-native
1,ryjones,team.remove_repository,hyperledger/besu-native
3,ryjones,team.update_repository_permission,hyperledger/besu-native
1,ryjones,pull_request.create,hyperledger/homebrew-besu
1,ryjones,repository_vulnerability_alerts.authorized_users_teams,hyperledger/homebrew-besu
2,ryjones,team.add_repository,hyperledger/homebrew-besu
3,ryjones,team.update_repository_permission,hyperledger/homebrew-besu
6,sandrawangyx,issue_comment.update,hyperledger/besu
1,sandrawangyx,pull_request_review_comment.delete,hyperledger/besu
1,sandrawangyx,pull_request.close,hyperledger/besu
2,sandrawangyx,pull_request.converted_to_draft,hyperledger/besu
7,sandrawangyx,pull_request.create,hyperledger/besu
4,sandrawangyx,pull_request.create_review_request,hyperledger/besu
1,sandrawangyx,pull_request.ready_for_review,hyperledger/besu
3,SeongUkJeon,issue_comment.destroy,hyperledger/besu
20,SeongUkJeon,issue_comment.update,hyperledger/besu
5,sharad-develop,issue_comment.update,hyperledger/besu
4,sharad-develop,pull_request_review.submit,hyperledger/besu
1,sharad-develop,pull_request.close,hyperledger/besu
4,sharad-develop,pull_request.create,hyperledger/besu
4,shemnon,hook.config_changed,hyperledger/besu
1,shemnon,hook.create,hyperledger/besu
1,shemnon,hook.destroy,hyperledger/besu
3,shemnon,hook.events_changed,hyperledger/besu
1,shemnon,issue_comment.destroy,hyperledger/besu
11,shemnon,issue_comment.update,hyperledger/besu
1,shemnon,protected_branch.rejected_ref_update,hyperledger/besu
5,shemnon,protected_branch.update_name,hyperledger/besu
2,shemnon,pull_request_review_comment.delete,hyperledger/besu
1,shemnon,pull_request_review.delete,hyperledger/besu
1,shemnon,pull_request_review.dismiss,hyperledger/besu
44,shemnon,pull_request_review.submit,hyperledger/besu
3,shemnon,pull_request.close,hyperledger/besu
29,shemnon,pull_request.create,hyperledger/besu
2,shemnon,pull_request.create_review_request,hyperledger/besu
23,shemnon,pull_request.merge,hyperledger/besu
1,shemnon,pull_request.reopen,hyperledger/besu
18,shemnon,repo.change_merge_setting,hyperledger/besu
1,shemnon,repository_advisory.publish,hyperledger/besu
1,shemnon,repository_advisory.update,hyperledger/besu
1,shemnon,hook.config_changed,hyperledger/besu-docs
1,shemnon,hook.events_changed,hyperledger/besu-docs
2,shemnon,pull_request_review.submit,hyperledger/besu-docs
3,shemnon,pull_request_review.submit,hyperledger/besu-native
3,shemnon,pull_request.create,hyperledger/besu-native
3,shemnon,pull_request.merge,hyperledger/besu-native
1,shemnon,repo.add_member,hyperledger/besu-native
1,shemnon,hook.create,hyperledger/homebrew-besu
3,shemnon,pull_request.create,hyperledger/homebrew-besu
3,shemnon,pull_request.merge,hyperledger/homebrew-besu
20,siladu,issue_comment.update,hyperledger/besu
1,siladu,pull_request_review_comment.delete,hyperledger/besu
19,siladu,pull_request_review.submit,hyperledger/besu
3,siladu,pull_request.close,hyperledger/besu
1,siladu,pull_request.converted_to_draft,hyperledger/besu
10,siladu,pull_request.create,hyperledger/besu
8,siladu,pull_request.create_review_request,hyperledger/besu
9,siladu,pull_request.merge,hyperledger/besu
5,siladu,pull_request.ready_for_review,hyperledger/besu
1,siladu,issue_comment.update,hyperledger/besu-docs
1,siladu,pull_request_review_comment.delete,hyperledger/besu-docs
3,siladu,pull_request_review.submit,hyperledger/besu-docs
2,siladu,pull_request.create,hyperledger/besu-docs
3,siladu,pull_request.create_review_request,hyperledger/besu-docs
1,siladu,pull_request.merge,hyperledger/besu-docs
1,Sjenica1,pull_request.create,hyperledger/besu
1,Sky0711,issue_comment.update,hyperledger/besu
1,svzdvd,pull_request.create,hyperledger/besu
1,taccatisid,protected_branch.rejected_ref_update,hyperledger/besu
3,taccatisid,pull_request.create,hyperledger/besu
1,taccatisid,pull_request.ready_for_review,hyperledger/besu
2,TheSwarnim,issue_comment.update,hyperledger/besu
2,TheSwarnim,pull_request.create,hyperledger/besu
1,tiagocmachado,issue_comment.update,hyperledger/besu
1,tuanggo,pull_request_review.submit,hyperledger/besu
2,usmansaleem,issue_comment.update,hyperledger/besu
4,usmansaleem,pull_request_review.submit,hyperledger/besu
1,usmansaleem,pull_request.create,hyperledger/besu
12,vjtom,issue_comment.update,hyperledger/besu
3,wcgcyx,pull_request_review.submit,hyperledger/besu
2,wcgcyx,pull_request.create,hyperledger/besu
1,yooseonghyuck,issue_comment.destroy,hyperledger/besu
3,yooseonghyuck,issue_comment.update,hyperledger/besu
1,yooseonghyuck,pull_request_review_comment.delete,hyperledger/besu
1,yooseonghyuck,pull_request_review.delete,hyperledger/besu
2,yooseonghyuck,pull_request_review.submit,hyperledger/besu
1,yooseonghyuck,pull_request.create,hyperledger/besu
2,yorickdowne,issue_comment.destroy,hyperledger/besu
34,yorickdowne,issue_comment.update,hyperledger/besu
2,YounesBM,issue_comment.update,hyperledger/besu
1,zilm13,issue_comment.destroy,hyperledger/besu
1,zilm13,issue_comment.update,hyperledger/besu
