created_at,actor,action,user,repo
2022-06-28T14:46:00,shemnon,pull_request_review.submit,,hyperledger/besu-docs
2022-06-28T14:46:00,shemnon,pull_request_review.submit,,hyperledger/besu-docs
2022-06-24T23:58:00,shemnon,pull_request_review.submit,,hyperledger/besu
2022-06-24T23:57:00,shemnon,pull_request_review.submit,,hyperledger/besu
2022-06-23T14:03:00,shemnon,pull_request.merge,shemnon,hyperledger/besu
2022-06-23T02:04:00,shemnon,pull_request.create,shemnon,hyperledger/besu
2022-06-22T16:32:00,shemnon,pull_request_review.dismiss,,hyperledger/besu
2022-06-22T16:32:00,shemnon,pull_request_review.submit,,hyperledger/besu
2022-06-22T14:48:00,shemnon,issue_comment.update,,hyperledger/besu
2022-06-22T04:58:00,shemnon,issue_comment.destroy,,hyperledger/besu
2022-06-22T04:58:00,shemnon,pull_request_review.submit,,hyperledger/besu
2022-06-17T20:51:00,shemnon,pull_request.merge,shemnon,hyperledger/besu-native
2022-06-17T20:30:00,shemnon,pull_request.create,shemnon,hyperledger/besu-native
2022-06-16T19:56:00,shemnon,pull_request_review.submit,,hyperledger/besu
2022-06-11T20:37:00,shemnon,pull_request.create,shemnon,hyperledger/besu
2022-06-09T19:27:00,shemnon,pull_request.create,shemnon,hyperledger/besu
2022-06-09T17:18:00,shemnon,pull_request_review.submit,,hyperledger/besu
2022-06-09T16:21:00,shemnon,pull_request_review.submit,,hyperledger/besu
2022-05-27T14:18:00,shemnon,pull_request_review.submit,,hyperledger/besu
2022-05-26T21:40:00,shemnon,pull_request_review.submit,,hyperledger/besu
2022-05-25T15:52:00,shemnon,pull_request_review.submit,,hyperledger/besu
2022-05-21T06:16:00,shemnon,pull_request_review.submit,,hyperledger/besu
2022-05-21T06:04:00,shemnon,pull_request_review.submit,,hyperledger/besu
2022-05-19T18:06:00,shemnon,pull_request_review.submit,,hyperledger/besu
2022-05-19T05:47:00,shemnon,pull_request_review.submit,,hyperledger/besu
2022-05-19T05:22:00,shemnon,issue_comment.update,,hyperledger/besu
2022-05-19T01:50:00,shemnon,pull_request.merge,shemnon,hyperledger/besu
2022-05-18T15:35:00,shemnon,pull_request_review.submit,,hyperledger/besu
2022-05-18T15:30:00,shemnon,pull_request_review.submit,,hyperledger/besu
2022-05-18T02:49:00,shemnon,pull_request_review.submit,,hyperledger/besu
2022-05-17T22:19:00,shemnon,pull_request.create,shemnon,hyperledger/besu
2022-05-17T17:50:00,shemnon,pull_request_review.submit,,hyperledger/besu
2022-05-17T17:49:00,shemnon,pull_request_review.submit,,hyperledger/besu
2022-05-17T13:58:00,shemnon,pull_request_review.submit,,hyperledger/besu
2022-05-17T02:48:00,shemnon,pull_request_review.submit,,hyperledger/besu
2022-05-14T07:28:00,shemnon,pull_request.create,shemnon,hyperledger/besu
2022-05-13T14:36:00,shemnon,pull_request_review.submit,,hyperledger/besu
2022-05-13T02:34:00,shemnon,pull_request_review.submit,,hyperledger/besu
2022-05-13T02:33:00,shemnon,pull_request.create,shemnon,hyperledger/besu
2022-05-12T13:45:00,shemnon,pull_request_review.submit,,hyperledger/besu
2022-05-06T19:17:00,shemnon,pull_request_review.submit,,hyperledger/besu
2022-05-06T14:19:00,shemnon,pull_request_review.submit,,hyperledger/besu
2022-05-06T13:48:00,shemnon,pull_request.close,jmcpheron,hyperledger/besu
2022-05-06T00:33:00,shemnon,pull_request_review.submit,,hyperledger/besu
2022-05-03T15:43:00,shemnon,pull_request_review.submit,,hyperledger/besu
2022-04-28T00:02:00,shemnon,pull_request_review.submit,,hyperledger/besu
2022-04-27T15:48:00,shemnon,pull_request_review.submit,,hyperledger/besu
2022-04-26T15:31:00,shemnon,team.add_member,atoulme,
2022-04-26T15:30:00,shemnon,team.remove_member,abdelhamidbakhta,
2022-04-26T15:30:00,shemnon,team.remove_member,RatanRSur,
2022-04-26T15:29:00,shemnon,team.remove_member,abdelhamidbakhta,
2022-04-26T15:29:00,shemnon,team.remove_member,RatanRSur,
2022-04-26T14:18:00,shemnon,pull_request.merge,shemnon,hyperledger/besu
2022-04-25T17:38:00,shemnon,pull_request_review.submit,,hyperledger/besu
2022-04-22T01:57:00,shemnon,pull_request.merge,shemnon,hyperledger/besu
2022-04-21T23:24:00,shemnon,pull_request.create,shemnon,hyperledger/besu
2022-04-21T18:28:00,shemnon,pull_request_review.submit,,hyperledger/besu
2022-04-20T16:24:00,shemnon,pull_request.merge,shemnon,hyperledger/besu-native
2022-04-20T16:24:00,shemnon,pull_request.merge,shemnon,hyperledger/besu-native
2022-04-19T16:51:00,shemnon,pull_request.create,shemnon,hyperledger/besu-native
2022-04-19T16:42:00,shemnon,pull_request.create,shemnon,hyperledger/besu-native
2022-04-15T02:28:00,shemnon,pull_request_review.submit,,hyperledger/besu
2022-04-15T02:23:00,shemnon,pull_request_review_comment.delete,,hyperledger/besu
2022-04-15T02:23:00,shemnon,pull_request_review.delete,,hyperledger/besu
2022-04-15T02:22:00,shemnon,pull_request_review_comment.delete,,hyperledger/besu
2022-04-14T15:14:00,shemnon,repo.add_member,atoulme,hyperledger/besu-native
2022-04-12T17:25:00,shemnon,pull_request.create,shemnon,hyperledger/besu
2022-04-06T15:35:00,shemnon,pull_request.merge,shemnon,hyperledger/besu
2022-04-05T02:53:00,shemnon,pull_request.create,shemnon,hyperledger/besu
2022-04-04T19:40:00,shemnon,pull_request.create,shemnon,hyperledger/besu
2022-04-04T13:55:00,shemnon,pull_request.merge,shemnon,hyperledger/besu
2022-04-03T05:25:00,shemnon,pull_request_review.submit,,hyperledger/besu-native
2022-04-01T21:35:00,shemnon,pull_request_review.submit,,hyperledger/besu
2022-04-01T21:16:00,shemnon,pull_request_review.submit,,hyperledger/besu
2022-04-01T21:14:00,shemnon,pull_request_review.submit,,hyperledger/besu
2022-04-01T21:11:00,shemnon,pull_request_review.submit,,hyperledger/besu
2022-04-01T21:10:00,shemnon,pull_request_review.submit,,hyperledger/besu
2022-04-01T21:07:00,shemnon,pull_request_review.submit,,hyperledger/besu
2022-04-01T17:27:00,shemnon,pull_request_review.submit,,hyperledger/besu-native
2022-04-01T17:18:00,shemnon,pull_request_review.submit,,hyperledger/besu-native
2022-04-01T14:34:00,shemnon,pull_request.merge,shemnon,hyperledger/besu
2022-04-01T14:07:00,shemnon,pull_request.create,shemnon,hyperledger/besu
2022-03-31T13:55:00,shemnon,pull_request_review.submit,,hyperledger/besu
2022-03-30T17:48:00,shemnon,pull_request_review.submit,,hyperledger/besu
2022-03-28T14:28:00,shemnon,pull_request_review.submit,,hyperledger/besu
2022-03-28T14:28:00,shemnon,pull_request_review.submit,,hyperledger/besu
2022-03-22T00:33:00,shemnon,pull_request.create,shemnon,hyperledger/besu
2022-03-16T22:11:00,shemnon,hook.create,,hyperledger/homebrew-besu
2022-03-11T15:16:00,shemnon,team.promote_maintainer,matkt,
2022-03-11T15:16:00,shemnon,team.promote_maintainer,fab-10,
2022-03-11T15:16:00,shemnon,team.add_member,fab-10,
2022-03-11T15:15:00,shemnon,team.add_member,matkt,
2022-03-10T23:21:00,shemnon,team.promote_maintainer,macfarla,
2022-03-10T23:20:00,shemnon,team.add_member,macfarla,
2022-03-10T23:20:00,shemnon,team.remove_member,benjamincburns,
2022-03-10T23:20:00,shemnon,team.remove_member,joshuafernandes,
2022-03-10T23:20:00,shemnon,team.remove_member,matkt,
2022-03-10T23:20:00,shemnon,team.remove_member,abdelhamidbakhta,
2022-03-10T23:20:00,shemnon,team.remove_member,ajsutton,
2022-03-10T23:20:00,shemnon,team.remove_member,mbaxter,
2022-03-09T22:31:00,shemnon,pull_request.merge,shemnon,hyperledger/besu
2022-03-09T17:07:00,shemnon,pull_request.create,shemnon,hyperledger/besu
2022-03-01T00:51:00,shemnon,pull_request.merge,shemnon,hyperledger/besu
2022-02-28T17:02:00,shemnon,pull_request.create,shemnon,hyperledger/besu
2022-02-25T01:47:00,shemnon,repo.change_merge_setting,,hyperledger/besu
2022-02-25T01:47:00,shemnon,repo.change_merge_setting,,hyperledger/besu
2022-02-25T01:47:00,shemnon,repo.change_merge_setting,,hyperledger/besu
2022-02-25T01:46:00,shemnon,pull_request.merge,shemnon,hyperledger/besu
2022-02-25T01:46:00,shemnon,repo.change_merge_setting,,hyperledger/besu
2022-02-25T01:46:00,shemnon,repo.change_merge_setting,,hyperledger/besu
2022-02-25T01:46:00,shemnon,repo.change_merge_setting,,hyperledger/besu
2022-02-25T01:27:00,shemnon,repo.change_merge_setting,,hyperledger/besu
2022-02-25T01:27:00,shemnon,repo.change_merge_setting,,hyperledger/besu
2022-02-25T01:27:00,shemnon,repo.change_merge_setting,,hyperledger/besu
2022-02-25T01:27:00,shemnon,repo.change_merge_setting,,hyperledger/besu
2022-02-25T01:27:00,shemnon,repo.change_merge_setting,,hyperledger/besu
2022-02-25T01:27:00,shemnon,repo.change_merge_setting,,hyperledger/besu
2022-02-25T01:26:00,shemnon,repo.change_merge_setting,,hyperledger/besu
2022-02-25T01:26:00,shemnon,repo.change_merge_setting,,hyperledger/besu
2022-02-25T01:26:00,shemnon,repo.change_merge_setting,,hyperledger/besu
2022-02-25T01:26:00,shemnon,repo.change_merge_setting,,hyperledger/besu
2022-02-25T01:26:00,shemnon,repo.change_merge_setting,,hyperledger/besu
2022-02-25T01:26:00,shemnon,repo.change_merge_setting,,hyperledger/besu
2022-02-25T01:09:00,shemnon,protected_branch.update_name,,hyperledger/besu
2022-02-25T01:09:00,shemnon,protected_branch.update_name,,hyperledger/besu
2022-02-25T00:55:00,shemnon,pull_request.merge,shemnon,hyperledger/homebrew-besu
2022-02-25T00:44:00,shemnon,pull_request.create,shemnon,hyperledger/besu
2022-02-25T00:40:00,shemnon,pull_request.create,shemnon,hyperledger/homebrew-besu
2022-02-24T23:11:00,shemnon,pull_request.merge,shemnon,hyperledger/besu
2022-02-24T18:55:00,shemnon,pull_request.create,shemnon,hyperledger/besu
2022-02-23T20:51:00,shemnon,team.remove_member,shemnon,
2022-02-22T21:16:00,shemnon,hook.events_changed,,hyperledger/besu-docs
2022-02-22T21:16:00,shemnon,hook.config_changed,,hyperledger/besu-docs
2022-02-22T18:58:00,shemnon,hook.events_changed,,hyperledger/besu
2022-02-22T18:58:00,shemnon,hook.config_changed,,hyperledger/besu
2022-02-21T18:36:00,shemnon,pull_request.merge,shemnon,hyperledger/besu
2022-02-21T15:42:00,shemnon,pull_request.create,shemnon,hyperledger/besu
2022-02-21T00:33:00,shemnon,hook.events_changed,,hyperledger/besu
2022-02-21T00:33:00,shemnon,hook.config_changed,,hyperledger/besu
2022-02-19T18:17:00,shemnon,hook.events_changed,,hyperledger/besu
2022-02-19T18:17:00,shemnon,hook.config_changed,,hyperledger/besu
2022-02-19T18:06:00,shemnon,hook.config_changed,,hyperledger/besu
2022-02-17T16:03:00,shemnon,pull_request.merge,shemnon,hyperledger/besu
2022-02-17T15:05:00,shemnon,pull_request.create,shemnon,hyperledger/besu
2022-02-17T02:43:00,shemnon,pull_request.merge,macfarla,hyperledger/besu
2022-02-16T18:29:00,shemnon,pull_request.merge,shemnon,hyperledger/homebrew-besu
2022-02-16T18:24:00,shemnon,pull_request.create,shemnon,hyperledger/homebrew-besu
2022-02-16T18:17:00,shemnon,pull_request.create,shemnon,hyperledger/besu
2022-02-16T05:33:00,shemnon,issue_comment.update,,hyperledger/besu
2022-02-14T04:02:00,shemnon,issue_comment.update,,hyperledger/besu
2022-02-13T23:49:00,shemnon,pull_request.merge,shemnon,hyperledger/besu
2022-02-11T20:59:00,shemnon,pull_request.create_review_request,shemnon,hyperledger/besu
2022-02-11T20:59:00,shemnon,pull_request.create_review_request,shemnon,hyperledger/besu
2022-02-11T06:49:00,shemnon,pull_request.create,shemnon,hyperledger/besu
2022-02-11T06:46:00,shemnon,pull_request.close,shemnon,hyperledger/besu
2022-02-11T06:40:00,shemnon,pull_request.close,shemnon,hyperledger/besu
2022-02-11T06:39:00,shemnon,pull_request.create,shemnon,hyperledger/besu
2022-02-11T06:36:00,shemnon,pull_request.create,shemnon,hyperledger/besu
2022-01-31T21:28:00,shemnon,pull_request.merge,shemnon,hyperledger/besu
2022-01-31T20:41:00,shemnon,pull_request.create,shemnon,hyperledger/besu
2022-01-27T06:18:00,shemnon,pull_request.merge,shemnon,hyperledger/besu
2022-01-24T16:05:00,shemnon,issue_comment.update,,hyperledger/besu
2022-01-21T14:15:00,shemnon,issue_comment.update,,hyperledger/besu
2022-01-10T14:59:00,shemnon,hook.destroy,,hyperledger/besu
2022-01-05T23:00:00,shemnon,hook.create,,hyperledger/besu
2021-12-31T11:58:00,shemnon,pull_request.merge,shemnon,hyperledger/besu
2021-12-31T11:30:00,shemnon,pull_request.create,shemnon,hyperledger/besu
2021-12-24T23:02:00,shemnon,pull_request.merge,shemnon,hyperledger/besu
2021-12-22T21:42:00,shemnon,pull_request.create,shemnon,hyperledger/besu
