date,time,actor,action,repo,user,data.team,data.new_repo_permission,data.old_repo_permission
6/28/22,00:58:36,lucassaldanha,protected_branch.update_name,hyperledger/besu,,,,
6/28/22,00:56:16,lucassaldanha,protected_branch.update_name,hyperledger/besu,,,,
6/28/22,00:55:52,lucassaldanha,protected_branch.update_name,hyperledger/besu,,,,
6/28/22,00:55:29,lucassaldanha,protected_branch.update_name,hyperledger/besu,,,,
6/27/22,23:53:23,lucassaldanha,pull_request.merge,hyperledger/besu,gfukushima,,,
5/5/22,21:11:31,lucassaldanha,pull_request.merge,hyperledger/besu,macfarla,,,
5/5/22,21:11:11,lucassaldanha,pull_request_review.submit,hyperledger/besu,,,,
5/4/22,11:29:58,lucassaldanha,pull_request.merge,hyperledger/homebrew-besu,lucassaldanha,,,
5/4/22,08:19:20,lucassaldanha,pull_request.merge,hyperledger/besu,lucassaldanha,,,
5/4/22,07:57:34,lucassaldanha,pull_request.create_review_request,hyperledger/homebrew-besu,lucassaldanha,,,
5/4/22,07:57:11,lucassaldanha,pull_request.create,hyperledger/homebrew-besu,lucassaldanha,,,
5/4/22,05:45:09,lucassaldanha,pull_request.merge,hyperledger/besu,lucassaldanha,,,
5/4/22,05:13:29,lucassaldanha,pull_request.create,hyperledger/besu,lucassaldanha,,,
5/4/22,05:06:23,lucassaldanha,pull_request.create,hyperledger/besu,lucassaldanha,,,
5/31/22,02:19:58,lucassaldanha,pull_request.merge,hyperledger/besu,lucassaldanha,,,
5/31/22,01:56:26,lucassaldanha,pull_request.merge,hyperledger/besu,lucassaldanha,,,
5/31/22,01:27:27,lucassaldanha,pull_request.create_review_request,hyperledger/besu,lucassaldanha,,,
5/31/22,01:27:27,lucassaldanha,pull_request.create,hyperledger/besu,lucassaldanha,,,
5/27/22,04:51:33,lucassaldanha,pull_request.create_review_request,hyperledger/besu,lucassaldanha,,,
5/27/22,04:50:30,lucassaldanha,pull_request.create,hyperledger/besu,lucassaldanha,,,
4/27/22,01:35:39,lucassaldanha,pull_request_review.submit,hyperledger/besu,,,,
4/13/22,01:07:40,lucassaldanha,pull_request_review.submit,hyperledger/besu,,,,
3/29/22,22:55:46,lucassaldanha,pull_request.merge,hyperledger/besu,siladu,,,
3/29/22,22:42:09,lucassaldanha,pull_request_review.submit,hyperledger/besu,,,,
3/29/22,22:14:45,lucassaldanha,pull_request.merge,hyperledger/besu,lucassaldanha,,,
3/29/22,21:26:54,lucassaldanha,pull_request.create,hyperledger/besu,lucassaldanha,,,
2/9/22,20:11:17,lucassaldanha,pull_request.merge,hyperledger/besu-docs,lucassaldanha,,,
2/9/22,01:54:32,lucassaldanha,pull_request.create_review_request,hyperledger/besu-docs,lucassaldanha,,,
2/9/22,01:54:31,lucassaldanha,pull_request.create,hyperledger/besu-docs,lucassaldanha,,,
2/22/22,02:48:16,lucassaldanha,pull_request.merge,hyperledger/besu,lucassaldanha,,,
2/22/22,01:48:44,lucassaldanha,pull_request.create,hyperledger/besu-docs,lucassaldanha,,,
2/22/22,01:48:44,lucassaldanha,pull_request.create_review_request,hyperledger/besu-docs,lucassaldanha,,,
2/22/22,00:56:55,lucassaldanha,pull_request.create,hyperledger/besu,lucassaldanha,,,
2/2/22,08:14:14,lucassaldanha,pull_request.merge,hyperledger/besu,lucassaldanha,,,
2/2/22,00:54:01,lucassaldanha,pull_request.create,hyperledger/besu,lucassaldanha,,,
2/2/22,00:22:37,lucassaldanha,pull_request.ready_for_review,hyperledger/besu,lucassaldanha,,,
2/16/22,22:38:33,lucassaldanha,pull_request.merge,hyperledger/besu,lucassaldanha,,,
2/16/22,22:06:23,lucassaldanha,pull_request.create,hyperledger/besu,lucassaldanha,,,
2/16/22,03:51:48,lucassaldanha,pull_request.create,hyperledger/besu,lucassaldanha,,,
2/16/22,03:49:48,lucassaldanha,pull_request.close,hyperledger/besu,lucassaldanha,,,
2/16/22,03:39:49,lucassaldanha,pull_request.create,hyperledger/besu,lucassaldanha,,,
2/16/22,03:19:06,lucassaldanha,pull_request.close,hyperledger/besu,lucassaldanha,,,
2/16/22,03:17:39,lucassaldanha,pull_request.create,hyperledger/besu,lucassaldanha,,,
2/11/22,03:36:36,lucassaldanha,pull_request.merge,hyperledger/besu,lucassaldanha,,,
2/11/22,03:05:18,lucassaldanha,pull_request.create_review_request,hyperledger/besu,lucassaldanha,,,
2/11/22,03:05:18,lucassaldanha,pull_request.create,hyperledger/besu,lucassaldanha,,,
2/11/22,03:01:05,lucassaldanha,issue_comment.update,hyperledger/besu,,,,
2/10/22,22:28:40,lucassaldanha,pull_request.close,hyperledger/besu,lucassaldanha,,,
12/1/21,08:29:19,lucassaldanha,protected_branch.update_name,hyperledger/besu,,,,
12/1/21,08:27:49,lucassaldanha,protected_branch.update_name,hyperledger/besu,,,,
1/27/22,09:46:13,lucassaldanha,pull_request.create,hyperledger/besu,lucassaldanha,,,
1/27/22,05:45:09,lucassaldanha,pull_request.merge,hyperledger/besu,lucassaldanha,,,
1/27/22,05:21:35,lucassaldanha,pull_request.create,hyperledger/besu,lucassaldanha,,,
1/27/22,05:14:24,lucassaldanha,pull_request.merge,hyperledger/besu-native,lucassaldanha,,,
1/27/22,04:28:58,lucassaldanha,pull_request.create,hyperledger/besu-native,lucassaldanha,,,
1/27/22,04:27:12,lucassaldanha,pull_request.merge,hyperledger/besu-native,lucassaldanha,,,
1/27/22,04:02:17,lucassaldanha,pull_request.close,hyperledger/besu-native,daniellehrner,,,
1/27/22,03:53:14,lucassaldanha,pull_request.create,hyperledger/besu-native,lucassaldanha,,,
1/20/22,04:13:01,lucassaldanha,pull_request.merge,hyperledger/besu,lucassaldanha,,,
1/20/22,03:52:10,lucassaldanha,pull_request.create_review_request,hyperledger/besu,lucassaldanha,,,
1/20/22,02:00:01,lucassaldanha,pull_request.ready_for_review,hyperledger/besu,lucassaldanha,,,
1/19/22,04:14:11,lucassaldanha,pull_request.create_review_request,hyperledger/besu,lucassaldanha,,,
1/19/22,04:14:11,lucassaldanha,pull_request.create,hyperledger/besu,lucassaldanha,,,
1/14/22,06:53:19,lucassaldanha,pull_request.merge,hyperledger/besu,lucassaldanha,,,
1/14/22,06:28:17,lucassaldanha,pull_request.create_review_request,hyperledger/besu,lucassaldanha,,,
1/14/22,06:28:17,lucassaldanha,pull_request.create,hyperledger/besu,lucassaldanha,,,
